-- phpMyAdmin SQL Dump
-- version 5.2.1
-- https://www.phpmyadmin.net/
--
-- Host: 127.0.0.1
-- Generation Time: Apr 13, 2026 at 08:45 AM
-- Server version: 10.4.32-MariaDB
-- PHP Version: 8.2.12

SET SQL_MODE = "NO_AUTO_VALUE_ON_ZERO";
START TRANSACTION;
SET time_zone = "+00:00";


/*!40101 SET @OLD_CHARACTER_SET_CLIENT=@@CHARACTER_SET_CLIENT */;
/*!40101 SET @OLD_CHARACTER_SET_RESULTS=@@CHARACTER_SET_RESULTS */;
/*!40101 SET @OLD_COLLATION_CONNECTION=@@COLLATION_CONNECTION */;
/*!40101 SET NAMES utf8mb4 */;

--
-- Database: `game_shop`
--

CREATE DATABASE IF NOT EXISTS `game_shop`;
USE `game_shop`;

-- --------------------------------------------------------

--
-- Table structure for table `category`
--

CREATE TABLE `category` (
  `category_id` int(11) NOT NULL,
  `category_name` varchar(50) NOT NULL
) ENGINE=InnoDB DEFAULT CHARSET=utf8mb4 COLLATE=utf8mb4_general_ci;

--
-- Dumping data for table `category`
--

INSERT INTO `category` (`category_id`, `category_name`) VALUES
(1, 'Puzzle'),
(2, 'RPG'),
(3, 'Sports'),
(4, 'Horror'),
(5, 'Strategy');

-- --------------------------------------------------------

--
-- Table structure for table `product`
--

CREATE TABLE `product` (
  `product_id` int(11) NOT NULL,
  `category_id` int(11) NOT NULL,
  `name` varchar(100) NOT NULL,
  `description` text NOT NULL,
  `price` decimal(10,2) NOT NULL,
  `stock_quantity` int(11) NOT NULL,
  `photo` varchar(100) NOT NULL
) ENGINE=InnoDB DEFAULT CHARSET=utf8mb4 COLLATE=utf8mb4_general_ci;

--
-- Dumping data for table `product`
--

INSERT INTO `product` (`product_id`, `category_id`, `name`, `description`, `price`, `stock_quantity`, `photo`) VALUES
(1, 2, 'Cyberpunk 2077', 'Cyberpunk 2077 is an open-world, action-adventure RPG set in the dark future of Night City — a dangerous megalopolis obsessed with power, glamor, and ceaseless body modification.', 219.00, 15, 'cyberpunk.jpg'),
(2, 3, 'NBA 2K26', 'Bragging rights are on the line in MyCAREER, MyTEAM, MyNBA, The W, and Play Now. Showcase your bag of moves with hyper realism, Powered by ProPLAY™, and challenge your friends, or rivals, in NBA 2K26’s competitive modes—and leave no doubt that you wear the crown.', 239.00, 10, 'nba.jpg'),
(3, 1, 'Portal 2', 'The \"Perpetual Testing Initiative\" has been expanded to allow you to design co-op puzzles for you and your friends!', 26.75, 8, 'portal.jpg'),
(4, 4, 'Resident Evil Requiem', 'Requiem for the dead. Nightmare for the living. Prepare to escape death in a heart-stopping experience that will chill you to your core.', 239.00, 25, 'rer.jpg'),
(5, 5, 'Sid Meier’s Civilization® VI', 'Expand your empire, advance your culture and go head-to-head against history’s greatest leaders. Will your civilization stand the test of time?', 179.00, 25, 'civil.jpg'),
(6, 2, 'ELDEN RING', 'THE CRITICALLY ACCLAIMED FANTASY ACTION RPG. Rise, Tarnished, and be guided by grace to brandish the power of the Elden Ring and become an Elden Lord in the Lands Between.', 199.00, 30, 'elden.jpg'),
(7, 3, 'EA SPORTS FC™ 26', 'The Club is Yours in EA SPORTS FC™ 26. Play your way with an overhauled gameplay experience powered by community feedback, Manager Live Challenges that bring fresh storylines to the new season, and Archetypes inspired by greats of the game.', 259.00, 20, 'ea.jpg'),
(8, 1, 'Tetris® Effect: Connected', 'Tetris® Effect: Connected adds an all-new robust multiplayer expansion to the huge variety of addictive and innovative single-player modes that Tetris Effect is known for, with all-new co-op and competitive online and local multiplayer modes!', 65.00, 5, 'tetris.jpg'),
(9, 4, 'SILENT HILL 2', 'Investigating a letter from his late wife, James returns to where they made so many memories - Silent Hill. What he finds is a ghost town, prowled by disturbing monsters and cloaked in deep fog. Confront the monsters, solve puzzles, and search for traces of your wife in this remake of SILENT HILL 2.', 304.00, 4, 'silent.jpg'),
(10, 5, 'Total War: WARHAMMER III', 'The cataclysmic conclusion to the Total War: WARHAMMER trilogy is here. Rally your forces and step into the Realm of Chaos, a dimension of mind-bending horror where the very fate of the world will be decided. Will you conquer your Daemons… or command them?', 189.00, 16, 'warhammer.jpg');

-- --------------------------------------------------------

--
-- Table structure for table `purchase`
--

CREATE TABLE `purchase` (
  `purchase_id` int(11) NOT NULL,
  `user_id` int(11) NOT NULL,
  `purchase_date` datetime NOT NULL,
  `total_price` decimal(10,2) NOT NULL,
  `status` varchar(20) NOT NULL
) ENGINE=InnoDB DEFAULT CHARSET=utf8mb4 COLLATE=utf8mb4_general_ci;

--
-- Dumping data for table `purchase`
--

INSERT INTO `purchase` (`purchase_id`, `user_id`, `purchase_date`, `total_price`, `status`) VALUES
(1, 2, '2026-04-10 14:30:00', 239.00, 'Paid'),
(2, 3, '2026-04-12 09:15:00', 418.00, 'Pending'),
(3, 2, '2026-04-13 10:00:00', 159.00, 'Cancelled');

-- --------------------------------------------------------

--
-- Table structure for table `purchase_detail`
--

CREATE TABLE `purchase_detail` (
  `detail_id` int(11) NOT NULL,
  `purchase_id` int(11) NOT NULL,
  `product_id` int(11) NOT NULL,
  `unit_price` decimal(10,2) NOT NULL,
  `quantity` int(100) NOT NULL
) ENGINE=InnoDB DEFAULT CHARSET=utf8mb4 COLLATE=utf8mb4_general_ci;

--
-- Dumping data for table `purchase_detail`
--

INSERT INTO `purchase_detail` (`detail_id`, `purchase_id`, `product_id`, `unit_price`, `quantity`) VALUES
(1, 1, 1, 219.00, 1),
(2, 2, 2, 239.00, 1),
(3, 2, 5, 179.00, 1);

-- --------------------------------------------------------

--
-- Table structure for table `shopping_cart`
--

CREATE TABLE `shopping_cart` (
  `cart_id` int(11) NOT NULL,
  `user_id` int(11) NOT NULL,
  `product_id` int(11) NOT NULL,
  `quantity` int(100) NOT NULL
) ENGINE=InnoDB DEFAULT CHARSET=utf8mb4 COLLATE=utf8mb4_general_ci;

-- --------------------------------------------------------

--
-- Table structure for table `user`
--

CREATE TABLE `user` (
  `user_id` int(11) NOT NULL,
  `username` varchar(30) NOT NULL,
  `email` varchar(100) NOT NULL,
  `password` varchar(255) NOT NULL,
  `full_name` varchar(100) NOT NULL,
  `role` varchar(10) NOT NULL,
  `profile_photo` varchar(255) NOT NULL,
  `created_at` datetime NOT NULL DEFAULT current_timestamp() ON UPDATE current_timestamp()
) ENGINE=InnoDB DEFAULT CHARSET=utf8mb4 COLLATE=utf8mb4_general_ci;

--
-- Dumping data for table `user`
--

INSERT INTO `user` (`user_id`, `username`, `email`, `password`, `full_name`, `role`, `profile_photo`, `created_at`) VALUES
(1, 'edricten', '1@gmail.com', '7c4a8d09ca3762af61e59520943dc26494f8941b', 'Edric Ten', 'Admin', '1.jpg', '2026-04-13 11:09:36'),
(2, 'ahteck', '2@gmail.com', '7c4a8d09ca3762af61e59520943dc26494f8941b', 'Ah Teck', 'Member', '2.jpg', '2026-04-13 11:09:47'),
(3, 'junkang', '3@gmail.com', '7c4a8d09ca3762af61e59520943dc26494f8941b', 'Jun Kang', 'Member', '3.jpg', '2026-04-13 11:09:56');

--
-- Indexes for dumped tables
--

--
-- Indexes for table `category`
--
ALTER TABLE `category`
  ADD PRIMARY KEY (`category_id`);

--
-- Indexes for table `product`
--
ALTER TABLE `product`
  ADD PRIMARY KEY (`product_id`),
  ADD KEY `fk_product_category` (`category_id`);

--
-- Indexes for table `purchase`
--
ALTER TABLE `purchase`
  ADD PRIMARY KEY (`purchase_id`),
  ADD KEY `fk_purchase_user` (`user_id`) USING BTREE;

--
-- Indexes for table `purchase_detail`
--
ALTER TABLE `purchase_detail`
  ADD PRIMARY KEY (`detail_id`),
  ADD KEY `fk_detail_product` (`product_id`),
  ADD KEY `fk_detail_purchase` (`purchase_id`);

--
-- Indexes for table `shopping_cart`
--
ALTER TABLE `shopping_cart`
  ADD PRIMARY KEY (`cart_id`),
  ADD KEY `fk_cart_product` (`product_id`),
  ADD KEY `fk_cart_user` (`user_id`);

--
-- Indexes for table `user`
--
ALTER TABLE `user`
  ADD PRIMARY KEY (`user_id`),
  ADD UNIQUE KEY `username` (`username`),
  ADD UNIQUE KEY `email` (`email`);

--
-- AUTO_INCREMENT for dumped tables
--

--
-- AUTO_INCREMENT for table `category`
--
ALTER TABLE `category`
  MODIFY `category_id` int(11) NOT NULL AUTO_INCREMENT, AUTO_INCREMENT=6;

--
-- AUTO_INCREMENT for table `product`
--
ALTER TABLE `product`
  MODIFY `product_id` int(11) NOT NULL AUTO_INCREMENT, AUTO_INCREMENT=11;

--
-- AUTO_INCREMENT for table `purchase`
--
ALTER TABLE `purchase`
  MODIFY `purchase_id` int(11) NOT NULL AUTO_INCREMENT, AUTO_INCREMENT=4;

--
-- AUTO_INCREMENT for table `purchase_detail`
--
ALTER TABLE `purchase_detail`
  MODIFY `detail_id` int(11) NOT NULL AUTO_INCREMENT, AUTO_INCREMENT=4;

--
-- AUTO_INCREMENT for table `shopping_cart`
--
ALTER TABLE `shopping_cart`
  MODIFY `cart_id` int(11) NOT NULL AUTO_INCREMENT;

--
-- AUTO_INCREMENT for table `user`
--
ALTER TABLE `user`
  MODIFY `user_id` int(11) NOT NULL AUTO_INCREMENT, AUTO_INCREMENT=8;

--
-- Constraints for dumped tables
--

--
-- Constraints for table `product`
--
ALTER TABLE `product`
  ADD CONSTRAINT `fk_product_category` FOREIGN KEY (`category_id`) REFERENCES `category` (`category_id`);

--
-- Constraints for table `purchase`
--
ALTER TABLE `purchase`
  ADD CONSTRAINT `fk_order_user` FOREIGN KEY (`user_id`) REFERENCES `user` (`user_id`);

--
-- Constraints for table `purchase_detail`
--
ALTER TABLE `purchase_detail`
  ADD CONSTRAINT `fk_detail_product` FOREIGN KEY (`product_id`) REFERENCES `product` (`product_id`),
  ADD CONSTRAINT `fk_detail_purchase` FOREIGN KEY (`purchase_id`) REFERENCES `purchase` (`purchase_id`);

--
-- Constraints for table `shopping_cart`
--
ALTER TABLE `shopping_cart`
  ADD CONSTRAINT `fk_cart_product` FOREIGN KEY (`product_id`) REFERENCES `product` (`product_id`),
  ADD CONSTRAINT `fk_cart_user` FOREIGN KEY (`user_id`) REFERENCES `user` (`user_id`);
COMMIT;

/*!40101 SET CHARACTER_SET_CLIENT=@OLD_CHARACTER_SET_CLIENT */;
/*!40101 SET CHARACTER_SET_RESULTS=@OLD_CHARACTER_SET_RESULTS */;
/*!40101 SET COLLATION_CONNECTION=@OLD_COLLATION_CONNECTION */;
